day,processing_time
2025-01-01,48
2025-01-02,11
2025-01-03,31
2025-01-04,50
2025-01-05,30
2025-01-06,34
2025-01-07,34
2025-01-08,27
2025-01-09,32
2025-01-10,37
2025-01-11,50
2025-01-12,20
2025-01-13,38
2025-01-14,36
2025-01-15,20
2025-01-16,16
2025-01-17,38
2025-01-18,41
2025-01-19,34
2025-01-20,12
2025-01-21,48
2025-01-22,18
2025-01-23,12
2025-01-24,23
2025-01-25,12
2025-01-26,40
2025-01-27,47
2025-01-28,25
2025-01-29,42
2025-01-30,21
2025-01-31,17
2025-02-01,30
2025-02-02,27
2025-02-03,10
2025-02-04,26
2025-02-05,13
2025-02-06,32
2025-02-07,13
2025-02-08,14
2025-02-09,19
